/*
SQLyog Community v11.1 (64 bit)
MySQL - 5.6.12-log : Database - citadel_app_generator
*********************************************************************
*/

/*!40101 SET NAMES utf8 */;

/*!40101 SET SQL_MODE=''*/;

/*!40014 SET @OLD_UNIQUE_CHECKS=@@UNIQUE_CHECKS, UNIQUE_CHECKS=0 */;
/*!40014 SET @OLD_FOREIGN_KEY_CHECKS=@@FOREIGN_KEY_CHECKS, FOREIGN_KEY_CHECKS=0 */;
/*!40101 SET @OLD_SQL_MODE=@@SQL_MODE, SQL_MODE='NO_AUTO_VALUE_ON_ZERO' */;
/*!40111 SET @OLD_SQL_NOTES=@@SQL_NOTES, SQL_NOTES=0 */;
CREATE DATABASE /*!32312 IF NOT EXISTS*/`citadel_app_generator` /*!40100 DEFAULT CHARACTER SET utf8 */;

USE `citadel_app_generator`;

/*Table structure for table `apps` */

DROP TABLE IF EXISTS `apps`;

CREATE TABLE `apps` (
  `uid` varchar(60) NOT NULL,
  `name` varchar(50) NOT NULL,
  `userId` int(11) NOT NULL,
  `created` datetime NOT NULL,
  `description` varchar(500) NOT NULL,
  `isDeleted` tinyint(1) NOT NULL DEFAULT '0',
  PRIMARY KEY (`uid`)
) ENGINE=InnoDB DEFAULT CHARSET=utf8;

/*Data for the table `apps` */

insert  into `apps`(`uid`,`name`,`userId`,`created`,`description`,`isDeleted`) values ('005126E2-56FE-4D3B-9223-DA88B4A003AE','cities',0,'2013-10-30 11:46:26','',0),('0213D8C8-7B4E-4FCC-A6C8-DA9C6E459326','Athens parking',0,'2013-10-30 11:53:51','',0),('03734EFE-7293-4B7D-93B4-CD56E291AB1C','athens-issy- purple',1,'2014-03-11 16:10:24','',0),('03E6BD1D-E011-4834-895B-1381933DE5CD','3 cities',0,'2013-10-30 11:40:06','',0),('059E35C6-B088-4ECF-9607-2E6F7E85278D','Park',0,'2013-11-04 15:23:05','',0),('07A999AE-1879-4ECD-B605-60A9518D5480','TTT',1,'2014-01-10 12:28:22','',0),('08613293-EB69-4F3A-BBA2-BB680557BE42','test',0,'2014-01-09 12:41:29','',0),('0954D9D6-B6F5-4A3D-9D0D-561B1AF471CC','green 2',0,'2014-01-09 11:30:06','',0),('09C80D26-CC24-46C1-9E53-9CAA1F442FB0','sofia_test_app',0,'0000-00-00 00:00:00','',0),('0A39BAB4-900D-48A8-BCE4-9F4168BAFC5E','sofia\'s athens 2 app',0,'2013-12-12 11:03:44','',0),('0C3AD5EA-F153-4F3C-9BA1-9AC8D49D640F','ddd',1,'2014-01-16 11:00:32','',0),('0E116DEE-F856-440A-93E2-083EA6AE18D9','sofia\'s athens app',0,'2013-12-12 10:22:41','',0),('0E120E74-821A-4849-8637-8CFC3A5F8733','Yellow',0,'2014-01-09 11:53:03','',0),('0E175E95-299F-41B7-BCC3-54569D50C723','fgsdgfg',0,'2014-01-09 12:04:22','',0),('123456789','My First App',0,'0000-00-00 00:00:00','',0),('14012BFD-CE7B-46C8-B23A-BDB0D682FAD1','athens',0,'2013-11-04 14:37:12','',0),('161E6318-776C-47E7-BBA7-AEFC3185315A','sofia_blue_app',0,'0000-00-00 00:00:00','',0),('17548D3E-6C3C-4DD3-B038-FF869C53BB44','2 cities - Athens & issue',0,'2014-01-03 16:18:31','',0),('19F64139-FC55-4B69-9A06-C95EF5724305','my app',0,'2013-10-28 11:43:30','',0),('19FDAC3D-0318-4FB4-B969-39D3F8BE9371','vvv',1,'2014-01-14 15:27:12','',0),('1A5E535D-5B12-42D9-B88D-68D40FCC556F','M',0,'2014-01-07 15:40:06','',0),('1BB7B8CF-6393-4656-8783-46A2C7B37FF4','mi',3,'2014-03-12 13:04:12','you',0),('238C26CE-31CB-4C8A-84DA-1BB4762CAA0F','Yorkshire test',1,'2014-02-25 14:19:01','',0),('270ED7A6-664B-496B-B1EE-9BD7648C9188','sofia_blue_app',0,'0000-00-00 00:00:00','',0),('2B66A7BA-F511-4D6D-8EFC-00764A58349B','Red 3',0,'2013-12-20 16:49:52','',0),('2C0951B8-E4AB-4F80-90CC-8F3DF333A9CC','only gent',0,'2013-12-20 16:01:54','',0),('32E6B567-F400-4107-A4B3-47A28E3C0F3E','3 blue example',0,'2014-01-07 13:24:25','',0),('338D9834-7252-4528-B071-4AD144962666','sofia\'s event app',0,'0000-00-00 00:00:00','',0),('355E3104-1A0A-4ED5-AAC5-735993AC63B1','sofia\'s 4 app',0,'2013-12-12 13:05:05','',0),('3D78BAF7-85D5-47D2-B56B-E57773A67351','Holyoke',3,'2014-02-18 15:34:21','',1),('3FC87CDB-645D-48D6-B696-37972FA46AE1','gren ',0,'2014-01-09 11:49:21','',0),('4246D2F4-2282-4DAC-9C13-4FFD8AD4965A','cape town events (wrong)',1,'2014-02-25 11:13:27','',0),('48A666FC-E614-46E9-9DB7-260D67CC701D','2 cities',0,'2013-10-30 11:32:29','',0),('4A4C0BE9-2383-4EA2-A57B-B61787F5DA23','My app',0,'2013-10-30 10:33:04','',0),('4EC0515E-3378-46E6-B408-DCE9C4FD98C5','test test test',0,'2013-10-25 11:27:51','',0),('4F812671-DFE8-46E1-ADA7-AE71AB50A880','Blue',0,'2013-10-30 11:59:19','',0),('4FE81454-9FE4-4D4A-8D8C-5D5B8C216070','blue',0,'2013-11-04 18:02:36','',0),('51B75953-C4B9-4616-AAB4-DB6955F48467','bbb',1,'2014-01-10 12:02:30','',0),('529BEF1D-27F6-45BC-895B-7D1DE289A0A8','sofia\'s 4 app dataset test',0,'2013-12-12 13:22:43','',0),('55A05330-57DF-4425-B44D-2D2ED064D3FE','my sec app',1,'2014-01-16 11:06:35','',0),('56F0E147-6588-42BC-B56B-066F0FB663E0','cape town yellow (wrong)',3,'2014-02-18 15:19:30','',0),('59CD5B48-A5D2-4C87-BAEF-DA8FDE5C5697','testset set',0,'2014-01-07 10:55:01','',0),('5AF9FE7E-D99C-43B5-819D-95134D5F8EAD','my sec app',1,'2014-01-16 13:18:06','',0),('5C939914-68E4-46AA-9213-6DBCE60E2B96','my app',0,'2013-10-25 11:34:52','',0),('5DCC44A1-6AD8-483E-98B1-C843376890A9','sofia\'s athens 3',0,'2013-12-12 12:25:24','',0),('5E57B885-85DC-4CC8-8ED0-62CBE983113B','parking only',0,'2013-10-30 12:08:49','',0),('6081CD86-021A-4D45-9B16-928693767338','2 cities pois -events',0,'2014-01-07 14:09:54','',0),('63E736F9-21BB-4B76-93EF-0E32A6F33631','test appForm',1,'2014-01-14 13:29:08','',0),('651411CA-9464-4DE9-9A67-2D11C760F69C','bus-Issy (wrong)',1,'2014-02-24 14:58:04','',0),('6BD6E608-1CF8-4053-9667-EF37D7C76E5B','dd',1,'2014-01-10 12:04:14','',0),('7209D1F2-9B5A-4857-A129-69B15175E971','grren app',1,'2014-01-10 12:36:35','',0),('72A51DC2-6896-4D20-AF34-2504715500AA','many cities (wrong)',1,'2014-01-16 17:03:05','',0),('7B8B9BDE-A940-4FF3-815F-106FB0F92A83','issy',1,'2014-03-11 16:12:43','',0),('7D4EF8CD-4CBC-49C1-9C46-9092FA2D1A5D','gsgs',0,'2013-11-04 14:57:19','',0),('8C04684B-38C9-4199-B257-771ED289E47F','dublicte',1,'2014-01-10 13:27:13','',0),('9049FD9E-9920-4089-8A84-A34025644A32','2 cities',0,'2013-10-30 15:10:01','',0),('916A3B7D-317D-49EB-AD09-C829534A7B47','pois red athens',0,'2013-11-04 18:13:39','',0),('935D2AE2-655E-44F2-BB68-ABE325C0E025','3 cities',1,'2014-03-11 12:55:04','',0),('9596B869-79C9-41C2-AA74-14BDE6EF1172','purple green',0,'2014-01-09 11:42:18','',0),('96EB91BA-9992-4EBD-9453-01C38C404AF8','issy-athens',0,'2013-11-04 14:29:04','',0),('96FD9F40-C68B-4C29-8E19-2234189B7F74','mm',1,'2014-01-10 13:02:22','',0),('9A03C2A4-D39E-47CD-9997-B82A77C38AF6','Pinky',0,'2014-01-09 13:12:56','',0),('9E0D1FDE-CA3D-4217-96CA-04D017996275','pinky blinky',1,'2014-01-10 11:38:55','',0),('A03BFBAD-0B27-4B2B-B066-70EC79FA0576','Bbb',2,'2014-01-14 15:42:14','',0),('A05471BA-4E1D-492E-A729-8259361AE3A8','my app',0,'2013-10-25 16:06:56','',0),('B47B1305-815E-4C39-BCEA-327FC94E458C','parking red',0,'2013-11-08 10:12:46','',0),('B55A6E79-BD88-4079-B4E4-77F844F44D37','athens - issy',0,'2014-01-03 15:59:59','',0),('B9CB3517-4A56-4928-9F6E-6BFABE634879','My 3 cities ap',0,'2013-12-20 15:04:28','',0),('BB5A0F5E-D825-4FC5-9D10-2AE74A8FB13F','dataset testing (wrong)',1,'2014-02-24 11:15:16','',0),('C05C9CB2-D689-4CB2-868A-BA1A1CA43684','sofia issy app',0,'0000-00-00 00:00:00','',0),('C5DE4532-6B59-440F-A0BB-A6EC74CCA234','venice',1,'2014-01-16 13:01:58','',0),('C6EB3D93-FC71-4645-B8DD-3033C4F0738A','test App',0,'2013-11-04 15:59:59','',0),('CD51A5D1-09CD-484D-A353-32C72F9A0E23','Issy',0,'2013-10-30 15:47:34','',0),('CFE81AA8-8C2A-45EC-B971-379043F7B708','sofia_red_app',0,'0000-00-00 00:00:00','',0),('D30329E5-CEFE-4D4B-BC69-6DBC382CED3C','mm',1,'2014-01-14 15:24:11','',0),('D31A0D99-9C66-4A85-BCBE-1AE0954EB30E','Guid id',0,'0000-00-00 00:00:00','',0),('D5B5E5AB-C33A-4FEA-9AB0-707F061058D6','Purple issy',0,'2014-01-09 11:55:20','',0),('DA3BB8CC-FA38-4672-AC5F-0EB60C3D5F31','roma',1,'2014-01-16 11:59:51','',0),('DAB27DC0-67A8-40DF-907D-B806449874FD','Sofia\'s new app',0,'0000-00-00 00:00:00','',0),('DDFC718F-C6F6-4EB5-B465-38EF17E88511','blue',0,'2013-10-30 11:27:15','',0),('DE073995-3856-4B38-90A8-A88E46864D46','athens',1,'2014-03-11 14:58:40','',0),('F030DDE5-65B1-480D-A387-145890BBA4E1','sofia\'s new dataset',0,'2013-12-12 11:06:03','',0),('F0BAECC0-BF37-45A6-9F3D-6B67F03A66AE','sofia_blue_app',0,'0000-00-00 00:00:00','',0),('F1CA9C3D-056F-4175-B201-D4D565AAD35C','3 cities',0,'2013-12-20 12:13:19','',0),('F75A317D-4D67-4376-B1E1-9D1B3C22BC5C','3 cities blue app',0,'2013-12-20 12:15:29','',0),('FBA62538-BBAF-409A-A7CE-F01A18A2D3BA','datasets from 3 cities',0,'2013-12-16 12:37:15','',0);

/*Table structure for table `apps_available_colors` */

DROP TABLE IF EXISTS `apps_available_colors`;

CREATE TABLE `apps_available_colors` (
  `id` int(11) NOT NULL,
  `name` varchar(50) DEFAULT NULL,
  `value` varchar(25) DEFAULT NULL,
  PRIMARY KEY (`id`)
) ENGINE=InnoDB DEFAULT CHARSET=utf8;

/*Data for the table `apps_available_colors` */

insert  into `apps_available_colors`(`id`,`name`,`value`) values (1,'Red','#F8545B'),(2,'Blue','#4980AE');

/*Table structure for table `apps_available_darker_colors` */

DROP TABLE IF EXISTS `apps_available_darker_colors`;

CREATE TABLE `apps_available_darker_colors` (
  `id` int(11) NOT NULL,
  `name` varchar(50) DEFAULT NULL,
  `value` varchar(50) DEFAULT NULL,
  PRIMARY KEY (`id`)
) ENGINE=InnoDB DEFAULT CHARSET=utf8;

/*Data for the table `apps_available_darker_colors` */

insert  into `apps_available_darker_colors`(`id`,`name`,`value`) values (1,'Dark Red','#F00A14'),(2,'Dark Blue','#00467A');

/*Table structure for table `apps_settings` */

DROP TABLE IF EXISTS `apps_settings`;

CREATE TABLE `apps_settings` (
  `id` int(11) NOT NULL AUTO_INCREMENT,
  `app_uid` varchar(60) NOT NULL,
  `apps_settings_definition_id` int(11) NOT NULL,
  `value` varchar(255) NOT NULL,
  PRIMARY KEY (`id`),
  KEY `app_uid` (`app_uid`),
  KEY `apps_settings_definition_id` (`apps_settings_definition_id`),
  CONSTRAINT `FK_apps_settings_apps` FOREIGN KEY (`app_uid`) REFERENCES `apps` (`uid`) ON DELETE CASCADE ON UPDATE CASCADE,
  CONSTRAINT `FK_apps_settings_apps_settings_definition` FOREIGN KEY (`apps_settings_definition_id`) REFERENCES `apps_settings_definition` (`id`) ON DELETE CASCADE ON UPDATE CASCADE
) ENGINE=InnoDB AUTO_INCREMENT=711 DEFAULT CHARSET=utf8;

/*Data for the table `apps_settings` */

insert  into `apps_settings`(`id`,`app_uid`,`apps_settings_definition_id`,`value`) values (1,'123456789',1,'1'),(2,'123456789',2,'37'),(3,'123456789',2,'36'),(32,'D31A0D99-9C66-4A85-BCBE-1AE0954EB30E',1,'2'),(33,'D31A0D99-9C66-4A85-BCBE-1AE0954EB30E',3,'1'),(34,'D31A0D99-9C66-4A85-BCBE-1AE0954EB30E',2,'36'),(35,'D31A0D99-9C66-4A85-BCBE-1AE0954EB30E',2,'37'),(39,'DAB27DC0-67A8-40DF-907D-B806449874FD',1,'4'),(40,'DAB27DC0-67A8-40DF-907D-B806449874FD',3,'1'),(41,'DAB27DC0-67A8-40DF-907D-B806449874FD',2,'36'),(42,'DAB27DC0-67A8-40DF-907D-B806449874FD',2,'37'),(43,'DAB27DC0-67A8-40DF-907D-B806449874FD',2,'38'),(44,'DAB27DC0-67A8-40DF-907D-B806449874FD',2,'39'),(45,'09C80D26-CC24-46C1-9E53-9CAA1F442FB0',1,'1'),(46,'09C80D26-CC24-46C1-9E53-9CAA1F442FB0',3,'2'),(47,'09C80D26-CC24-46C1-9E53-9CAA1F442FB0',2,'37'),(48,'09C80D26-CC24-46C1-9E53-9CAA1F442FB0',2,'39'),(53,'270ED7A6-664B-496B-B1EE-9BD7648C9188',1,'1'),(54,'270ED7A6-664B-496B-B1EE-9BD7648C9188',3,'2'),(55,'270ED7A6-664B-496B-B1EE-9BD7648C9188',4,'2'),(56,'270ED7A6-664B-496B-B1EE-9BD7648C9188',2,'37'),(57,'270ED7A6-664B-496B-B1EE-9BD7648C9188',2,'39'),(58,'F0BAECC0-BF37-45A6-9F3D-6B67F03A66AE',1,'1'),(59,'F0BAECC0-BF37-45A6-9F3D-6B67F03A66AE',3,'2'),(60,'F0BAECC0-BF37-45A6-9F3D-6B67F03A66AE',4,'2'),(61,'F0BAECC0-BF37-45A6-9F3D-6B67F03A66AE',2,'37'),(62,'F0BAECC0-BF37-45A6-9F3D-6B67F03A66AE',2,'39'),(63,'CFE81AA8-8C2A-45EC-B971-379043F7B708',1,'1'),(64,'CFE81AA8-8C2A-45EC-B971-379043F7B708',3,'1'),(65,'CFE81AA8-8C2A-45EC-B971-379043F7B708',4,'1'),(66,'CFE81AA8-8C2A-45EC-B971-379043F7B708',2,'37'),(67,'CFE81AA8-8C2A-45EC-B971-379043F7B708',2,'39'),(68,'161E6318-776C-47E7-BBA7-AEFC3185315A',1,'1'),(69,'161E6318-776C-47E7-BBA7-AEFC3185315A',3,'2'),(70,'161E6318-776C-47E7-BBA7-AEFC3185315A',4,'2'),(71,'161E6318-776C-47E7-BBA7-AEFC3185315A',2,'37'),(72,'161E6318-776C-47E7-BBA7-AEFC3185315A',2,'39'),(77,'338D9834-7252-4528-B071-4AD144962666',1,'1'),(78,'338D9834-7252-4528-B071-4AD144962666',3,'2'),(79,'338D9834-7252-4528-B071-4AD144962666',4,'2'),(80,'338D9834-7252-4528-B071-4AD144962666',2,'53'),(81,'C05C9CB2-D689-4CB2-868A-BA1A1CA43684',1,'3'),(82,'C05C9CB2-D689-4CB2-868A-BA1A1CA43684',3,'1'),(83,'C05C9CB2-D689-4CB2-868A-BA1A1CA43684',4,'1'),(84,'C05C9CB2-D689-4CB2-868A-BA1A1CA43684',2,'38'),(85,'C05C9CB2-D689-4CB2-868A-BA1A1CA43684',2,'54'),(147,'4EC0515E-3378-46E6-B408-DCE9C4FD98C5',1,'1'),(148,'4EC0515E-3378-46E6-B408-DCE9C4FD98C5',3,'2'),(149,'4EC0515E-3378-46E6-B408-DCE9C4FD98C5',4,'2'),(150,'4EC0515E-3378-46E6-B408-DCE9C4FD98C5',2,'37'),(151,'5C939914-68E4-46AA-9213-6DBCE60E2B96',1,'1'),(152,'5C939914-68E4-46AA-9213-6DBCE60E2B96',3,'2'),(153,'5C939914-68E4-46AA-9213-6DBCE60E2B96',4,'2'),(154,'5C939914-68E4-46AA-9213-6DBCE60E2B96',2,'37'),(155,'5C939914-68E4-46AA-9213-6DBCE60E2B96',2,'39'),(156,'5C939914-68E4-46AA-9213-6DBCE60E2B96',2,'53'),(157,'A05471BA-4E1D-492E-A729-8259361AE3A8',1,'1'),(158,'A05471BA-4E1D-492E-A729-8259361AE3A8',3,'1'),(159,'A05471BA-4E1D-492E-A729-8259361AE3A8',4,'1'),(160,'A05471BA-4E1D-492E-A729-8259361AE3A8',2,'37'),(161,'A05471BA-4E1D-492E-A729-8259361AE3A8',2,'39'),(162,'19F64139-FC55-4B69-9A06-C95EF5724305',1,'1'),(163,'19F64139-FC55-4B69-9A06-C95EF5724305',3,'1'),(164,'19F64139-FC55-4B69-9A06-C95EF5724305',4,'1'),(165,'19F64139-FC55-4B69-9A06-C95EF5724305',2,'37'),(166,'19F64139-FC55-4B69-9A06-C95EF5724305',2,'39'),(167,'19F64139-FC55-4B69-9A06-C95EF5724305',2,'53'),(168,'4A4C0BE9-2383-4EA2-A57B-B61787F5DA23',1,'1'),(169,'4A4C0BE9-2383-4EA2-A57B-B61787F5DA23',3,'2'),(170,'4A4C0BE9-2383-4EA2-A57B-B61787F5DA23',4,'2'),(171,'4A4C0BE9-2383-4EA2-A57B-B61787F5DA23',2,'37'),(172,'4A4C0BE9-2383-4EA2-A57B-B61787F5DA23',2,'39'),(173,'4A4C0BE9-2383-4EA2-A57B-B61787F5DA23',2,'53'),(180,'DDFC718F-C6F6-4EB5-B465-38EF17E88511',1,'1'),(181,'DDFC718F-C6F6-4EB5-B465-38EF17E88511',3,'2'),(182,'DDFC718F-C6F6-4EB5-B465-38EF17E88511',4,'2'),(183,'DDFC718F-C6F6-4EB5-B465-38EF17E88511',2,'37'),(184,'DDFC718F-C6F6-4EB5-B465-38EF17E88511',2,'39'),(185,'DDFC718F-C6F6-4EB5-B465-38EF17E88511',2,'53'),(186,'48A666FC-E614-46E9-9DB7-260D67CC701D',1,'2'),(187,'48A666FC-E614-46E9-9DB7-260D67CC701D',3,'2'),(188,'48A666FC-E614-46E9-9DB7-260D67CC701D',4,'2'),(189,'48A666FC-E614-46E9-9DB7-260D67CC701D',2,'37'),(190,'48A666FC-E614-46E9-9DB7-260D67CC701D',2,'39'),(191,'48A666FC-E614-46E9-9DB7-260D67CC701D',2,'53'),(192,'48A666FC-E614-46E9-9DB7-260D67CC701D',2,'36'),(193,'03E6BD1D-E011-4834-895B-1381933DE5CD',1,'3'),(194,'03E6BD1D-E011-4834-895B-1381933DE5CD',3,'2'),(195,'03E6BD1D-E011-4834-895B-1381933DE5CD',4,'2'),(196,'03E6BD1D-E011-4834-895B-1381933DE5CD',2,'37'),(197,'03E6BD1D-E011-4834-895B-1381933DE5CD',2,'36'),(198,'03E6BD1D-E011-4834-895B-1381933DE5CD',2,'54'),(205,'005126E2-56FE-4D3B-9223-DA88B4A003AE',1,'3'),(206,'005126E2-56FE-4D3B-9223-DA88B4A003AE',3,'2'),(207,'005126E2-56FE-4D3B-9223-DA88B4A003AE',4,'2'),(208,'005126E2-56FE-4D3B-9223-DA88B4A003AE',2,'39'),(209,'005126E2-56FE-4D3B-9223-DA88B4A003AE',2,'36'),(210,'005126E2-56FE-4D3B-9223-DA88B4A003AE',2,'54'),(211,'0213D8C8-7B4E-4FCC-A6C8-DA9C6E459326',1,'1'),(212,'0213D8C8-7B4E-4FCC-A6C8-DA9C6E459326',3,'2'),(213,'0213D8C8-7B4E-4FCC-A6C8-DA9C6E459326',4,'2'),(214,'0213D8C8-7B4E-4FCC-A6C8-DA9C6E459326',2,'39'),(215,'4F812671-DFE8-46E1-ADA7-AE71AB50A880',1,'1'),(216,'4F812671-DFE8-46E1-ADA7-AE71AB50A880',3,'2'),(217,'4F812671-DFE8-46E1-ADA7-AE71AB50A880',4,'2'),(218,'4F812671-DFE8-46E1-ADA7-AE71AB50A880',2,'39'),(224,'5E57B885-85DC-4CC8-8ED0-62CBE983113B',1,'1'),(225,'5E57B885-85DC-4CC8-8ED0-62CBE983113B',3,'2'),(226,'5E57B885-85DC-4CC8-8ED0-62CBE983113B',4,'2'),(227,'5E57B885-85DC-4CC8-8ED0-62CBE983113B',2,'39'),(240,'9049FD9E-9920-4089-8A84-A34025644A32',1,'3'),(241,'9049FD9E-9920-4089-8A84-A34025644A32',3,'1'),(242,'9049FD9E-9920-4089-8A84-A34025644A32',4,'1'),(243,'9049FD9E-9920-4089-8A84-A34025644A32',2,'37'),(244,'9049FD9E-9920-4089-8A84-A34025644A32',2,'39'),(245,'9049FD9E-9920-4089-8A84-A34025644A32',2,'54'),(246,'CD51A5D1-09CD-484D-A353-32C72F9A0E23',1,'3'),(247,'CD51A5D1-09CD-484D-A353-32C72F9A0E23',3,'1'),(248,'CD51A5D1-09CD-484D-A353-32C72F9A0E23',4,'1'),(249,'CD51A5D1-09CD-484D-A353-32C72F9A0E23',2,'38'),(277,'96EB91BA-9992-4EBD-9453-01C38C404AF8',1,'3'),(278,'96EB91BA-9992-4EBD-9453-01C38C404AF8',3,'2'),(279,'96EB91BA-9992-4EBD-9453-01C38C404AF8',4,'2'),(280,'14012BFD-CE7B-46C8-B23A-BDB0D682FAD1',1,'2'),(281,'14012BFD-CE7B-46C8-B23A-BDB0D682FAD1',3,'2'),(282,'14012BFD-CE7B-46C8-B23A-BDB0D682FAD1',4,'2'),(283,'7D4EF8CD-4CBC-49C1-9C46-9092FA2D1A5D',1,'2'),(284,'7D4EF8CD-4CBC-49C1-9C46-9092FA2D1A5D',3,'2'),(285,'7D4EF8CD-4CBC-49C1-9C46-9092FA2D1A5D',4,'2'),(286,'7D4EF8CD-4CBC-49C1-9C46-9092FA2D1A5D',2,'37'),(291,'059E35C6-B088-4ECF-9607-2E6F7E85278D',1,'2'),(292,'059E35C6-B088-4ECF-9607-2E6F7E85278D',3,'2'),(293,'059E35C6-B088-4ECF-9607-2E6F7E85278D',4,'2'),(294,'059E35C6-B088-4ECF-9607-2E6F7E85278D',2,'39'),(295,'C6EB3D93-FC71-4645-B8DD-3033C4F0738A',1,'3'),(296,'C6EB3D93-FC71-4645-B8DD-3033C4F0738A',3,'2'),(297,'C6EB3D93-FC71-4645-B8DD-3033C4F0738A',4,'2'),(298,'C6EB3D93-FC71-4645-B8DD-3033C4F0738A',2,'37'),(299,'C6EB3D93-FC71-4645-B8DD-3033C4F0738A',2,'39'),(300,'C6EB3D93-FC71-4645-B8DD-3033C4F0738A',2,'53'),(301,'C6EB3D93-FC71-4645-B8DD-3033C4F0738A',2,'36'),(302,'C6EB3D93-FC71-4645-B8DD-3033C4F0738A',2,'38'),(303,'C6EB3D93-FC71-4645-B8DD-3033C4F0738A',2,'54'),(304,'4FE81454-9FE4-4D4A-8D8C-5D5B8C216070',1,'1'),(305,'4FE81454-9FE4-4D4A-8D8C-5D5B8C216070',3,'2'),(306,'4FE81454-9FE4-4D4A-8D8C-5D5B8C216070',4,'2'),(310,'916A3B7D-317D-49EB-AD09-C829534A7B47',1,'1'),(311,'916A3B7D-317D-49EB-AD09-C829534A7B47',3,'1'),(312,'916A3B7D-317D-49EB-AD09-C829534A7B47',4,'1'),(323,'B47B1305-815E-4C39-BCEA-327FC94E458C',1,'3'),(324,'B47B1305-815E-4C39-BCEA-327FC94E458C',3,'1'),(325,'B47B1305-815E-4C39-BCEA-327FC94E458C',4,'1'),(326,'B47B1305-815E-4C39-BCEA-327FC94E458C',2,'39'),(327,'0E116DEE-F856-440A-93E2-083EA6AE18D9',1,'1'),(328,'0E116DEE-F856-440A-93E2-083EA6AE18D9',3,'2'),(329,'0E116DEE-F856-440A-93E2-083EA6AE18D9',4,'2'),(330,'0E116DEE-F856-440A-93E2-083EA6AE18D9',2,'37'),(331,'0A39BAB4-900D-48A8-BCE4-9F4168BAFC5E',1,'1'),(332,'0A39BAB4-900D-48A8-BCE4-9F4168BAFC5E',3,'1'),(333,'0A39BAB4-900D-48A8-BCE4-9F4168BAFC5E',4,'1'),(334,'0A39BAB4-900D-48A8-BCE4-9F4168BAFC5E',2,'37'),(335,'F030DDE5-65B1-480D-A387-145890BBA4E1',1,'1'),(336,'F030DDE5-65B1-480D-A387-145890BBA4E1',3,'2'),(337,'F030DDE5-65B1-480D-A387-145890BBA4E1',4,'2'),(338,'F030DDE5-65B1-480D-A387-145890BBA4E1',2,'55'),(339,'5DCC44A1-6AD8-483E-98B1-C843376890A9',1,'1'),(340,'5DCC44A1-6AD8-483E-98B1-C843376890A9',3,'2'),(341,'5DCC44A1-6AD8-483E-98B1-C843376890A9',4,'2'),(342,'5DCC44A1-6AD8-483E-98B1-C843376890A9',2,'37'),(343,'355E3104-1A0A-4ED5-AAC5-735993AC63B1',1,'1'),(344,'355E3104-1A0A-4ED5-AAC5-735993AC63B1',3,'2'),(345,'355E3104-1A0A-4ED5-AAC5-735993AC63B1',4,'2'),(346,'355E3104-1A0A-4ED5-AAC5-735993AC63B1',2,'37'),(347,'529BEF1D-27F6-45BC-895B-7D1DE289A0A8',1,'2'),(348,'529BEF1D-27F6-45BC-895B-7D1DE289A0A8',3,'1'),(349,'529BEF1D-27F6-45BC-895B-7D1DE289A0A8',4,'1'),(350,'529BEF1D-27F6-45BC-895B-7D1DE289A0A8',2,'56'),(351,'FBA62538-BBAF-409A-A7CE-F01A18A2D3BA',1,'3'),(352,'FBA62538-BBAF-409A-A7CE-F01A18A2D3BA',3,'1'),(353,'FBA62538-BBAF-409A-A7CE-F01A18A2D3BA',4,'1'),(354,'FBA62538-BBAF-409A-A7CE-F01A18A2D3BA',2,'37'),(355,'FBA62538-BBAF-409A-A7CE-F01A18A2D3BA',2,'36'),(356,'FBA62538-BBAF-409A-A7CE-F01A18A2D3BA',2,'54'),(357,'F1CA9C3D-056F-4175-B201-D4D565AAD35C',1,'3'),(358,'F1CA9C3D-056F-4175-B201-D4D565AAD35C',3,'2'),(359,'F1CA9C3D-056F-4175-B201-D4D565AAD35C',4,'2'),(360,'F1CA9C3D-056F-4175-B201-D4D565AAD35C',2,'37'),(361,'F1CA9C3D-056F-4175-B201-D4D565AAD35C',2,'36'),(362,'F1CA9C3D-056F-4175-B201-D4D565AAD35C',2,'54'),(363,'F75A317D-4D67-4376-B1E1-9D1B3C22BC5C',1,'3'),(364,'F75A317D-4D67-4376-B1E1-9D1B3C22BC5C',3,'2'),(365,'F75A317D-4D67-4376-B1E1-9D1B3C22BC5C',4,'2'),(366,'F75A317D-4D67-4376-B1E1-9D1B3C22BC5C',2,'37'),(367,'F75A317D-4D67-4376-B1E1-9D1B3C22BC5C',2,'36'),(368,'F75A317D-4D67-4376-B1E1-9D1B3C22BC5C',2,'54'),(369,'B9CB3517-4A56-4928-9F6E-6BFABE634879',1,'3'),(370,'B9CB3517-4A56-4928-9F6E-6BFABE634879',3,'2'),(371,'B9CB3517-4A56-4928-9F6E-6BFABE634879',4,'2'),(372,'B9CB3517-4A56-4928-9F6E-6BFABE634879',2,'37'),(373,'B9CB3517-4A56-4928-9F6E-6BFABE634879',2,'36'),(374,'B9CB3517-4A56-4928-9F6E-6BFABE634879',2,'54'),(375,'2C0951B8-E4AB-4F80-90CC-8F3DF333A9CC',1,'2'),(376,'2C0951B8-E4AB-4F80-90CC-8F3DF333A9CC',3,'2'),(377,'2C0951B8-E4AB-4F80-90CC-8F3DF333A9CC',4,'2'),(378,'2C0951B8-E4AB-4F80-90CC-8F3DF333A9CC',2,'36'),(379,'2B66A7BA-F511-4D6D-8EFC-00764A58349B',1,'3'),(380,'2B66A7BA-F511-4D6D-8EFC-00764A58349B',3,'1'),(381,'2B66A7BA-F511-4D6D-8EFC-00764A58349B',4,'1'),(382,'2B66A7BA-F511-4D6D-8EFC-00764A58349B',2,'37'),(383,'2B66A7BA-F511-4D6D-8EFC-00764A58349B',2,'36'),(384,'2B66A7BA-F511-4D6D-8EFC-00764A58349B',2,'54'),(385,'B55A6E79-BD88-4079-B4E4-77F844F44D37',2,'37'),(386,'B55A6E79-BD88-4079-B4E4-77F844F44D37',2,'54'),(387,'B55A6E79-BD88-4079-B4E4-77F844F44D37',1,'1'),(388,'B55A6E79-BD88-4079-B4E4-77F844F44D37',1,'3'),(389,'B55A6E79-BD88-4079-B4E4-77F844F44D37',3,'2'),(390,'B55A6E79-BD88-4079-B4E4-77F844F44D37',4,'2'),(391,'17548D3E-6C3C-4DD3-B038-FF869C53BB44',2,'37'),(392,'17548D3E-6C3C-4DD3-B038-FF869C53BB44',2,'38'),(393,'17548D3E-6C3C-4DD3-B038-FF869C53BB44',1,'1'),(394,'17548D3E-6C3C-4DD3-B038-FF869C53BB44',1,'3'),(395,'17548D3E-6C3C-4DD3-B038-FF869C53BB44',3,'1'),(396,'17548D3E-6C3C-4DD3-B038-FF869C53BB44',4,'1'),(404,'59CD5B48-A5D2-4C87-BAEF-DA8FDE5C5697',2,'37'),(405,'59CD5B48-A5D2-4C87-BAEF-DA8FDE5C5697',2,'38'),(406,'59CD5B48-A5D2-4C87-BAEF-DA8FDE5C5697',1,'1'),(407,'59CD5B48-A5D2-4C87-BAEF-DA8FDE5C5697',1,'3'),(408,'59CD5B48-A5D2-4C87-BAEF-DA8FDE5C5697',3,'1'),(409,'59CD5B48-A5D2-4C87-BAEF-DA8FDE5C5697',4,'2'),(410,'32E6B567-F400-4107-A4B3-47A28E3C0F3E',2,'37'),(411,'32E6B567-F400-4107-A4B3-47A28E3C0F3E',2,'36'),(412,'32E6B567-F400-4107-A4B3-47A28E3C0F3E',2,'54'),(413,'32E6B567-F400-4107-A4B3-47A28E3C0F3E',1,'1'),(414,'32E6B567-F400-4107-A4B3-47A28E3C0F3E',1,'2'),(415,'32E6B567-F400-4107-A4B3-47A28E3C0F3E',1,'3'),(416,'32E6B567-F400-4107-A4B3-47A28E3C0F3E',3,'2'),(417,'32E6B567-F400-4107-A4B3-47A28E3C0F3E',4,'2'),(418,'6081CD86-021A-4D45-9B16-928693767338',2,'37'),(419,'6081CD86-021A-4D45-9B16-928693767338',2,'54'),(420,'6081CD86-021A-4D45-9B16-928693767338',1,'1'),(421,'6081CD86-021A-4D45-9B16-928693767338',1,'3'),(422,'6081CD86-021A-4D45-9B16-928693767338',3,'2'),(423,'6081CD86-021A-4D45-9B16-928693767338',4,'2'),(424,'1A5E535D-5B12-42D9-B88D-68D40FCC556F',2,'37'),(425,'1A5E535D-5B12-42D9-B88D-68D40FCC556F',2,'54'),(426,'1A5E535D-5B12-42D9-B88D-68D40FCC556F',1,'1'),(427,'1A5E535D-5B12-42D9-B88D-68D40FCC556F',1,'3'),(428,'1A5E535D-5B12-42D9-B88D-68D40FCC556F',3,'1'),(429,'1A5E535D-5B12-42D9-B88D-68D40FCC556F',4,'1'),(442,'0954D9D6-B6F5-4A3D-9D0D-561B1AF471CC',2,'53'),(443,'0954D9D6-B6F5-4A3D-9D0D-561B1AF471CC',1,'1'),(444,'0954D9D6-B6F5-4A3D-9D0D-561B1AF471CC',3,'#d1eecc'),(445,'0954D9D6-B6F5-4A3D-9D0D-561B1AF471CC',4,'#15580a'),(446,'9596B869-79C9-41C2-AA74-14BDE6EF1172',2,'39'),(447,'9596B869-79C9-41C2-AA74-14BDE6EF1172',1,'1'),(448,'9596B869-79C9-41C2-AA74-14BDE6EF1172',3,'#7caa7c'),(449,'9596B869-79C9-41C2-AA74-14BDE6EF1172',4,'#e9ccee'),(450,'3FC87CDB-645D-48D6-B696-37972FA46AE1',2,'39'),(451,'3FC87CDB-645D-48D6-B696-37972FA46AE1',1,'1'),(452,'3FC87CDB-645D-48D6-B696-37972FA46AE1',3,'#b0c19c'),(453,'3FC87CDB-645D-48D6-B696-37972FA46AE1',4,'#53ea18'),(454,'0E120E74-821A-4849-8637-8CFC3A5F8733',2,'37'),(455,'0E120E74-821A-4849-8637-8CFC3A5F8733',1,'1'),(456,'0E120E74-821A-4849-8637-8CFC3A5F8733',3,'#eceecc'),(457,'0E120E74-821A-4849-8637-8CFC3A5F8733',4,'#d3de39'),(458,'D5B5E5AB-C33A-4FEA-9AB0-707F061058D6',2,'36'),(459,'D5B5E5AB-C33A-4FEA-9AB0-707F061058D6',1,'2'),(460,'D5B5E5AB-C33A-4FEA-9AB0-707F061058D6',3,'#cccdee'),(461,'D5B5E5AB-C33A-4FEA-9AB0-707F061058D6',4,'#693fd7'),(462,'0E175E95-299F-41B7-BCC3-54569D50C723',2,'38'),(463,'0E175E95-299F-41B7-BCC3-54569D50C723',1,'3'),(464,'0E175E95-299F-41B7-BCC3-54569D50C723',3,'#d80a0a'),(465,'0E175E95-299F-41B7-BCC3-54569D50C723',4,'#af0606'),(466,'08613293-EB69-4F3A-BBA2-BB680557BE42',2,'37'),(467,'08613293-EB69-4F3A-BBA2-BB680557BE42',1,'1'),(468,'08613293-EB69-4F3A-BBA2-BB680557BE42',3,'#e14949'),(469,'08613293-EB69-4F3A-BBA2-BB680557BE42',4,'#832b92'),(470,'9A03C2A4-D39E-47CD-9997-B82A77C38AF6',2,'37'),(471,'9A03C2A4-D39E-47CD-9997-B82A77C38AF6',2,'39'),(472,'9A03C2A4-D39E-47CD-9997-B82A77C38AF6',2,'36'),(473,'9A03C2A4-D39E-47CD-9997-B82A77C38AF6',1,'1'),(474,'9A03C2A4-D39E-47CD-9997-B82A77C38AF6',1,'2'),(475,'9A03C2A4-D39E-47CD-9997-B82A77C38AF6',3,'#de8bd5'),(476,'9A03C2A4-D39E-47CD-9997-B82A77C38AF6',4,'#ed17d6'),(484,'9E0D1FDE-CA3D-4217-96CA-04D017996275',2,'37'),(485,'9E0D1FDE-CA3D-4217-96CA-04D017996275',2,'38'),(486,'9E0D1FDE-CA3D-4217-96CA-04D017996275',2,'54'),(487,'9E0D1FDE-CA3D-4217-96CA-04D017996275',1,'1'),(488,'9E0D1FDE-CA3D-4217-96CA-04D017996275',1,'2'),(489,'9E0D1FDE-CA3D-4217-96CA-04D017996275',1,'3'),(490,'9E0D1FDE-CA3D-4217-96CA-04D017996275',3,'#a529be'),(491,'9E0D1FDE-CA3D-4217-96CA-04D017996275',4,'#cf15cd'),(501,'51B75953-C4B9-4616-AAB4-DB6955F48467',2,'37'),(502,'51B75953-C4B9-4616-AAB4-DB6955F48467',2,'39'),(503,'51B75953-C4B9-4616-AAB4-DB6955F48467',2,'53'),(504,'51B75953-C4B9-4616-AAB4-DB6955F48467',2,'38'),(505,'51B75953-C4B9-4616-AAB4-DB6955F48467',2,'54'),(506,'51B75953-C4B9-4616-AAB4-DB6955F48467',1,'1'),(507,'51B75953-C4B9-4616-AAB4-DB6955F48467',1,'2'),(508,'51B75953-C4B9-4616-AAB4-DB6955F48467',1,'3'),(509,'51B75953-C4B9-4616-AAB4-DB6955F48467',1,'4'),(510,'51B75953-C4B9-4616-AAB4-DB6955F48467',3,'#3d3ee2'),(511,'51B75953-C4B9-4616-AAB4-DB6955F48467',4,'#556fb5'),(512,'6BD6E608-1CF8-4053-9667-EF37D7C76E5B',2,'37'),(513,'6BD6E608-1CF8-4053-9667-EF37D7C76E5B',2,'39'),(514,'6BD6E608-1CF8-4053-9667-EF37D7C76E5B',2,'36'),(515,'6BD6E608-1CF8-4053-9667-EF37D7C76E5B',2,'54'),(516,'6BD6E608-1CF8-4053-9667-EF37D7C76E5B',1,'1'),(517,'6BD6E608-1CF8-4053-9667-EF37D7C76E5B',1,'2'),(518,'6BD6E608-1CF8-4053-9667-EF37D7C76E5B',1,'3'),(519,'6BD6E608-1CF8-4053-9667-EF37D7C76E5B',3,'#b31d1d'),(520,'6BD6E608-1CF8-4053-9667-EF37D7C76E5B',4,'#706767'),(521,'07A999AE-1879-4ECD-B605-60A9518D5480',2,'37'),(522,'07A999AE-1879-4ECD-B605-60A9518D5480',2,'39'),(523,'07A999AE-1879-4ECD-B605-60A9518D5480',2,'53'),(524,'07A999AE-1879-4ECD-B605-60A9518D5480',1,'1'),(525,'07A999AE-1879-4ECD-B605-60A9518D5480',1,'2'),(526,'07A999AE-1879-4ECD-B605-60A9518D5480',1,'3'),(527,'07A999AE-1879-4ECD-B605-60A9518D5480',3,'#a63333'),(528,'07A999AE-1879-4ECD-B605-60A9518D5480',4,'#8a2f2f'),(529,'7209D1F2-9B5A-4857-A129-69B15175E971',2,'37'),(530,'7209D1F2-9B5A-4857-A129-69B15175E971',2,'39'),(531,'7209D1F2-9B5A-4857-A129-69B15175E971',2,'53'),(532,'7209D1F2-9B5A-4857-A129-69B15175E971',2,'36'),(533,'7209D1F2-9B5A-4857-A129-69B15175E971',1,'1'),(534,'7209D1F2-9B5A-4857-A129-69B15175E971',1,'2'),(535,'7209D1F2-9B5A-4857-A129-69B15175E971',3,'#78b250'),(536,'7209D1F2-9B5A-4857-A129-69B15175E971',4,'#1b5a0d'),(537,'96FD9F40-C68B-4C29-8E19-2234189B7F74',2,'37'),(538,'96FD9F40-C68B-4C29-8E19-2234189B7F74',2,'39'),(539,'96FD9F40-C68B-4C29-8E19-2234189B7F74',2,'53'),(540,'96FD9F40-C68B-4C29-8E19-2234189B7F74',2,'36'),(541,'96FD9F40-C68B-4C29-8E19-2234189B7F74',1,'1'),(542,'96FD9F40-C68B-4C29-8E19-2234189B7F74',1,'2'),(543,'96FD9F40-C68B-4C29-8E19-2234189B7F74',1,'3'),(544,'96FD9F40-C68B-4C29-8E19-2234189B7F74',3,'#1d0e0e'),(545,'96FD9F40-C68B-4C29-8E19-2234189B7F74',4,'#2358a8'),(546,'8C04684B-38C9-4199-B257-771ED289E47F',2,'37'),(547,'8C04684B-38C9-4199-B257-771ED289E47F',2,'39'),(548,'8C04684B-38C9-4199-B257-771ED289E47F',2,'53'),(549,'8C04684B-38C9-4199-B257-771ED289E47F',2,'36'),(550,'8C04684B-38C9-4199-B257-771ED289E47F',2,'38'),(551,'8C04684B-38C9-4199-B257-771ED289E47F',2,'54'),(552,'8C04684B-38C9-4199-B257-771ED289E47F',1,'1'),(553,'8C04684B-38C9-4199-B257-771ED289E47F',1,'2'),(554,'8C04684B-38C9-4199-B257-771ED289E47F',1,'3'),(555,'8C04684B-38C9-4199-B257-771ED289E47F',3,'#a60909'),(556,'8C04684B-38C9-4199-B257-771ED289E47F',4,'#d66e6e'),(557,'63E736F9-21BB-4B76-93EF-0E32A6F33631',2,'53'),(558,'63E736F9-21BB-4B76-93EF-0E32A6F33631',2,'36'),(559,'63E736F9-21BB-4B76-93EF-0E32A6F33631',1,'1'),(560,'63E736F9-21BB-4B76-93EF-0E32A6F33631',1,'2'),(561,'63E736F9-21BB-4B76-93EF-0E32A6F33631',1,'3'),(562,'63E736F9-21BB-4B76-93EF-0E32A6F33631',1,'4'),(563,'63E736F9-21BB-4B76-93EF-0E32A6F33631',3,'#bf4b4b'),(564,'63E736F9-21BB-4B76-93EF-0E32A6F33631',4,'#5e4747'),(565,'D30329E5-CEFE-4D4B-BC69-6DBC382CED3C',2,'37'),(566,'D30329E5-CEFE-4D4B-BC69-6DBC382CED3C',1,'1'),(567,'D30329E5-CEFE-4D4B-BC69-6DBC382CED3C',3,'#e53e3e'),(568,'D30329E5-CEFE-4D4B-BC69-6DBC382CED3C',4,'#c15757'),(569,'19FDAC3D-0318-4FB4-B969-39D3F8BE9371',2,'37'),(570,'19FDAC3D-0318-4FB4-B969-39D3F8BE9371',1,'1'),(571,'19FDAC3D-0318-4FB4-B969-39D3F8BE9371',3,'#040404'),(572,'19FDAC3D-0318-4FB4-B969-39D3F8BE9371',4,'#000000'),(573,'A03BFBAD-0B27-4B2B-B066-70EC79FA0576',2,'37'),(574,'A03BFBAD-0B27-4B2B-B066-70EC79FA0576',1,'1'),(575,'A03BFBAD-0B27-4B2B-B066-70EC79FA0576',3,'#000000'),(576,'A03BFBAD-0B27-4B2B-B066-70EC79FA0576',4,'#000000'),(577,'0C3AD5EA-F153-4F3C-9BA1-9AC8D49D640F',2,'91'),(578,'0C3AD5EA-F153-4F3C-9BA1-9AC8D49D640F',2,'90'),(579,'0C3AD5EA-F153-4F3C-9BA1-9AC8D49D640F',1,'34'),(580,'0C3AD5EA-F153-4F3C-9BA1-9AC8D49D640F',1,'33'),(581,'0C3AD5EA-F153-4F3C-9BA1-9AC8D49D640F',3,'#000000'),(582,'0C3AD5EA-F153-4F3C-9BA1-9AC8D49D640F',4,'#000000'),(583,'55A05330-57DF-4425-B44D-2D2ED064D3FE',2,'92'),(584,'55A05330-57DF-4425-B44D-2D2ED064D3FE',1,'35'),(585,'55A05330-57DF-4425-B44D-2D2ED064D3FE',3,'#000000'),(586,'55A05330-57DF-4425-B44D-2D2ED064D3FE',4,'#000000'),(587,'DA3BB8CC-FA38-4672-AC5F-0EB60C3D5F31',2,'94'),(588,'DA3BB8CC-FA38-4672-AC5F-0EB60C3D5F31',1,'36'),(589,'DA3BB8CC-FA38-4672-AC5F-0EB60C3D5F31',3,'#5eb94f'),(590,'DA3BB8CC-FA38-4672-AC5F-0EB60C3D5F31',4,'#579446'),(591,'C5DE4532-6B59-440F-A0BB-A6EC74CCA234',2,'95'),(592,'C5DE4532-6B59-440F-A0BB-A6EC74CCA234',1,'37'),(593,'C5DE4532-6B59-440F-A0BB-A6EC74CCA234',3,'#000000'),(594,'C5DE4532-6B59-440F-A0BB-A6EC74CCA234',4,'#000000'),(599,'5AF9FE7E-D99C-43B5-819D-95134D5F8EAD',2,'97'),(600,'5AF9FE7E-D99C-43B5-819D-95134D5F8EAD',1,'39'),(601,'5AF9FE7E-D99C-43B5-819D-95134D5F8EAD',3,'#000000'),(602,'5AF9FE7E-D99C-43B5-819D-95134D5F8EAD',4,'#000000'),(603,'72A51DC2-6896-4D20-AF34-2504715500AA',2,'97'),(604,'72A51DC2-6896-4D20-AF34-2504715500AA',2,'39'),(605,'72A51DC2-6896-4D20-AF34-2504715500AA',2,'36'),(606,'72A51DC2-6896-4D20-AF34-2504715500AA',2,'38'),(607,'72A51DC2-6896-4D20-AF34-2504715500AA',1,'39'),(608,'72A51DC2-6896-4D20-AF34-2504715500AA',1,'1'),(609,'72A51DC2-6896-4D20-AF34-2504715500AA',1,'2'),(610,'72A51DC2-6896-4D20-AF34-2504715500AA',1,'3'),(611,'72A51DC2-6896-4D20-AF34-2504715500AA',1,'4'),(612,'72A51DC2-6896-4D20-AF34-2504715500AA',3,'#7a2699'),(613,'72A51DC2-6896-4D20-AF34-2504715500AA',4,'#442ba6'),(618,'56F0E147-6588-42BC-B56B-066F0FB663E0',2,'98'),(619,'56F0E147-6588-42BC-B56B-066F0FB663E0',2,'99'),(620,'56F0E147-6588-42BC-B56B-066F0FB663E0',1,'40'),(621,'56F0E147-6588-42BC-B56B-066F0FB663E0',3,'#d8e58c'),(622,'56F0E147-6588-42BC-B56B-066F0FB663E0',4,'#dfc81e'),(623,'3D78BAF7-85D5-47D2-B56B-E57773A67351',2,'100'),(624,'3D78BAF7-85D5-47D2-B56B-E57773A67351',2,'101'),(625,'3D78BAF7-85D5-47D2-B56B-E57773A67351',1,'41'),(626,'3D78BAF7-85D5-47D2-B56B-E57773A67351',3,'#d43232'),(627,'3D78BAF7-85D5-47D2-B56B-E57773A67351',4,'#6b0c0c'),(636,'BB5A0F5E-D825-4FC5-9D10-2AE74A8FB13F',2,'98'),(637,'BB5A0F5E-D825-4FC5-9D10-2AE74A8FB13F',2,'99'),(638,'BB5A0F5E-D825-4FC5-9D10-2AE74A8FB13F',2,'100'),(639,'BB5A0F5E-D825-4FC5-9D10-2AE74A8FB13F',2,'101'),(640,'BB5A0F5E-D825-4FC5-9D10-2AE74A8FB13F',1,'40'),(641,'BB5A0F5E-D825-4FC5-9D10-2AE74A8FB13F',1,'41'),(642,'BB5A0F5E-D825-4FC5-9D10-2AE74A8FB13F',3,'#e65d5d'),(643,'BB5A0F5E-D825-4FC5-9D10-2AE74A8FB13F',4,'#ea1010'),(644,'651411CA-9464-4DE9-9A67-2D11C760F69C',2,'102'),(645,'651411CA-9464-4DE9-9A67-2D11C760F69C',1,'42'),(646,'651411CA-9464-4DE9-9A67-2D11C760F69C',3,'#ec2b2b'),(647,'651411CA-9464-4DE9-9A67-2D11C760F69C',4,'#962020'),(648,'4246D2F4-2282-4DAC-9C13-4FFD8AD4965A',2,'103'),(649,'4246D2F4-2282-4DAC-9C13-4FFD8AD4965A',1,'40'),(650,'4246D2F4-2282-4DAC-9C13-4FFD8AD4965A',3,'#7b4545'),(651,'4246D2F4-2282-4DAC-9C13-4FFD8AD4965A',4,'#cc3636'),(656,'238C26CE-31CB-4C8A-84DA-1BB4762CAA0F',2,'105'),(657,'238C26CE-31CB-4C8A-84DA-1BB4762CAA0F',1,'43'),(658,'238C26CE-31CB-4C8A-84DA-1BB4762CAA0F',3,'#2045a9'),(659,'238C26CE-31CB-4C8A-84DA-1BB4762CAA0F',4,'#1063de'),(673,'935D2AE2-655E-44F2-BB68-ABE325C0E025',2,'39'),(674,'935D2AE2-655E-44F2-BB68-ABE325C0E025',2,'53'),(675,'935D2AE2-655E-44F2-BB68-ABE325C0E025',2,'100'),(676,'935D2AE2-655E-44F2-BB68-ABE325C0E025',2,'38'),(677,'935D2AE2-655E-44F2-BB68-ABE325C0E025',1,'1'),(678,'935D2AE2-655E-44F2-BB68-ABE325C0E025',1,'2'),(679,'935D2AE2-655E-44F2-BB68-ABE325C0E025',1,'41'),(680,'935D2AE2-655E-44F2-BB68-ABE325C0E025',1,'3'),(681,'935D2AE2-655E-44F2-BB68-ABE325C0E025',3,'#000000'),(682,'935D2AE2-655E-44F2-BB68-ABE325C0E025',4,'#000000'),(683,'DE073995-3856-4B38-90A8-A88E46864D46',2,'39'),(684,'DE073995-3856-4B38-90A8-A88E46864D46',2,'53'),(685,'DE073995-3856-4B38-90A8-A88E46864D46',1,'1'),(686,'DE073995-3856-4B38-90A8-A88E46864D46',3,'#000000'),(687,'DE073995-3856-4B38-90A8-A88E46864D46',4,'#000000'),(688,'03734EFE-7293-4B7D-93B4-CD56E291AB1C',2,'39'),(689,'03734EFE-7293-4B7D-93B4-CD56E291AB1C',2,'53'),(690,'03734EFE-7293-4B7D-93B4-CD56E291AB1C',2,'38'),(691,'03734EFE-7293-4B7D-93B4-CD56E291AB1C',1,'1'),(692,'03734EFE-7293-4B7D-93B4-CD56E291AB1C',1,'3'),(693,'03734EFE-7293-4B7D-93B4-CD56E291AB1C',3,'#c23ed7'),(694,'03734EFE-7293-4B7D-93B4-CD56E291AB1C',4,'#6b0ac8'),(695,'7B8B9BDE-A940-4FF3-815F-106FB0F92A83',2,'38'),(696,'7B8B9BDE-A940-4FF3-815F-106FB0F92A83',1,'3'),(697,'7B8B9BDE-A940-4FF3-815F-106FB0F92A83',3,'#000000'),(698,'7B8B9BDE-A940-4FF3-815F-106FB0F92A83',4,'#000000'),(707,'1BB7B8CF-6393-4656-8783-46A2C7B37FF4',2,'39'),(708,'1BB7B8CF-6393-4656-8783-46A2C7B37FF4',1,'1'),(709,'1BB7B8CF-6393-4656-8783-46A2C7B37FF4',3,'#882222'),(710,'1BB7B8CF-6393-4656-8783-46A2C7B37FF4',4,'#bb7575');

/*Table structure for table `apps_settings_definition` */

DROP TABLE IF EXISTS `apps_settings_definition`;

CREATE TABLE `apps_settings_definition` (
  `id` int(11) NOT NULL,
  `name` varchar(50) NOT NULL,
  PRIMARY KEY (`id`)
) ENGINE=InnoDB DEFAULT CHARSET=utf8;

/*Data for the table `apps_settings_definition` */

insert  into `apps_settings_definition`(`id`,`name`) values (1,'City'),(2,'Dataset'),(3,'Color'),(4,'DarkColor');

/*Table structure for table `authors` */

DROP TABLE IF EXISTS `authors`;

CREATE TABLE `authors` (
  `id` int(11) NOT NULL AUTO_INCREMENT,
  `dataset_id` int(11) NOT NULL,
  `identifier` varchar(450) NOT NULL,
  `value` varchar(450) NOT NULL,
  PRIMARY KEY (`id`),
  KEY `FK_author_dataset` (`dataset_id`),
  CONSTRAINT `FK_author_dataset` FOREIGN KEY (`dataset_id`) REFERENCES `datasets` (`id`) ON DELETE CASCADE ON UPDATE NO ACTION
) ENGINE=InnoDB DEFAULT CHARSET=utf8;

/*Data for the table `authors` */

/*Table structure for table `categories` */

DROP TABLE IF EXISTS `categories`;

CREATE TABLE `categories` (
  `id` int(11) NOT NULL AUTO_INCREMENT,
  `text` text,
  `default` tinyint(4) NOT NULL DEFAULT '0',
  `dataset_id` int(11) NOT NULL,
  PRIMARY KEY (`id`),
  KEY `categories_dataset` (`dataset_id`),
  CONSTRAINT `categories_dataset` FOREIGN KEY (`dataset_id`) REFERENCES `datasets` (`id`) ON DELETE CASCADE ON UPDATE NO ACTION
) ENGINE=InnoDB DEFAULT CHARSET=utf8;

/*Data for the table `categories` */

/*Table structure for table `cities` */

DROP TABLE IF EXISTS `cities`;

CREATE TABLE `cities` (
  `id` int(11) NOT NULL AUTO_INCREMENT,
  `name` varchar(50) NOT NULL,
  `latitude` double NOT NULL,
  `longitude` double NOT NULL,
  PRIMARY KEY (`id`)
) ENGINE=InnoDB AUTO_INCREMENT=44 DEFAULT CHARSET=utf8;

/*Data for the table `cities` */

insert  into `cities`(`id`,`name`,`latitude`,`longitude`) values (1,'Athens',37.983715,23.72931),(2,'Ghent',51.050891,3.731232),(3,'Issy',48.824531,2.274342),(4,'Manchester',53.476005,-2.245331),(39,'Antwerp',51.219448,4.402464),(40,'Cape Town',-33.924869,18.424055),(41,'Holyoke',42.204259,-72.616201),(42,'ISSY LES MOULINEAUX',48.824531,2.274342),(43,'Yorkshire',52.848996,13.814041);

/*Table structure for table `city_datasets` */

DROP TABLE IF EXISTS `city_datasets`;

CREATE TABLE `city_datasets` (
  `id` int(11) NOT NULL AUTO_INCREMENT,
  `city_id` int(11) DEFAULT NULL,
  `dataset_id` int(11) DEFAULT NULL,
  PRIMARY KEY (`id`),
  KEY `FK_city_datasets_cities` (`city_id`),
  KEY `FK_city_datasets_dataset_types` (`dataset_id`),
  CONSTRAINT `FK_city_datasets_cities` FOREIGN KEY (`city_id`) REFERENCES `cities` (`id`) ON DELETE CASCADE ON UPDATE CASCADE,
  CONSTRAINT `FK_city_datasets_dataset_types` FOREIGN KEY (`dataset_id`) REFERENCES `datasets` (`id`) ON DELETE CASCADE ON UPDATE CASCADE
) ENGINE=InnoDB AUTO_INCREMENT=67 DEFAULT CHARSET=utf8;

/*Data for the table `city_datasets` */

insert  into `city_datasets`(`id`,`city_id`,`dataset_id`) values (2,1,39),(4,3,38),(14,1,53);

/*Table structure for table `dataset_types` */

DROP TABLE IF EXISTS `dataset_types`;

CREATE TABLE `dataset_types` (
  `id` int(11) NOT NULL,
  `name` varchar(255) DEFAULT NULL,
  PRIMARY KEY (`id`)
) ENGINE=InnoDB DEFAULT CHARSET=utf8;

/*Data for the table `dataset_types` */

insert  into `dataset_types`(`id`,`name`) values (1,'Parking'),(2,'POIS'),(3,'Events');

/*Table structure for table `datasets` */

DROP TABLE IF EXISTS `datasets`;

CREATE TABLE `datasets` (
  `id` int(11) NOT NULL AUTO_INCREMENT,
  `identifier` varchar(500) NOT NULL,
  `type` varchar(150) NOT NULL,
  `update` datetime DEFAULT NULL,
  `created` datetime DEFAULT NULL,
  `createdBy` int(11) NOT NULL,
  `lang` varchar(5) DEFAULT NULL,
  `updateFrequency` varchar(45) DEFAULT NULL,
  `url` varchar(250) NOT NULL,
  PRIMARY KEY (`id`),
  KEY `KEY` (`identifier`(255))
) ENGINE=InnoDB AUTO_INCREMENT=106 DEFAULT CHARSET=utf8;

/*Data for the table `datasets` */

insert  into `datasets`(`id`,`identifier`,`type`,`update`,`created`,`createdBy`,`lang`,`updateFrequency`,`url`) values (38,'http://pois.issy.com','pois',NULL,'0000-00-00 00:00:00',2,'','','http://10.1.1.208/app-generator/data/POI_issy.json'),(39,'http://parking.athens.com','parking',NULL,'0000-00-00 00:00:00',2,'','','http://10.1.1.208/app-generator/data/PARKING_athens.json'),(53,'http://events.athens.com','events','0000-00-00 00:00:00','0000-00-00 00:00:00',2,'','','http://10.1.1.208/app-generator/data/EVENTS_athens.json');

/*Table structure for table `licenses` */

DROP TABLE IF EXISTS `licenses`;

CREATE TABLE `licenses` (
  `id` int(11) NOT NULL AUTO_INCREMENT,
  `dataset_id` int(11) NOT NULL,
  `href` varchar(450) NOT NULL,
  `term` varchar(450) NOT NULL,
  PRIMARY KEY (`id`),
  KEY `FK_dataset_licence` (`dataset_id`),
  CONSTRAINT `FK_dataset_licence` FOREIGN KEY (`dataset_id`) REFERENCES `datasets` (`id`) ON DELETE CASCADE ON UPDATE NO ACTION
) ENGINE=InnoDB DEFAULT CHARSET=utf8;

/*Data for the table `licenses` */

/*Table structure for table `links` */

DROP TABLE IF EXISTS `links`;

CREATE TABLE `links` (
  `id` int(11) NOT NULL AUTO_INCREMENT,
  `dataset_id` int(11) NOT NULL,
  `href` varchar(450) NOT NULL,
  `term` varchar(450) NOT NULL,
  PRIMARY KEY (`id`),
  KEY `FK_dataset_link` (`dataset_id`),
  CONSTRAINT `FK_dataset_link` FOREIGN KEY (`dataset_id`) REFERENCES `datasets` (`id`) ON DELETE CASCADE ON UPDATE NO ACTION
) ENGINE=InnoDB DEFAULT CHARSET=utf8;

/*Data for the table `links` */

/*Table structure for table `poilabels` */

DROP TABLE IF EXISTS `poilabels`;

CREATE TABLE `poilabels` (
  `id` int(11) NOT NULL AUTO_INCREMENT,
  `poi_id` int(11) DEFAULT NULL,
  `term` varchar(500) NOT NULL,
  `type` varchar(10) NOT NULL DEFAULT 'string',
  `text` varchar(500) NOT NULL,
  `tplIdentifier` varchar(450) NOT NULL,
  PRIMARY KEY (`id`),
  KEY `FK_poiLabels_pois` (`poi_id`),
  CONSTRAINT `FK_poiLabels_pois` FOREIGN KEY (`poi_id`) REFERENCES `pois` (`id`) ON DELETE CASCADE ON UPDATE NO ACTION
) ENGINE=InnoDB DEFAULT CHARSET=utf8;

/*Data for the table `poilabels` */

/*Table structure for table `pois` */

DROP TABLE IF EXISTS `pois`;

CREATE TABLE `pois` (
  `id` int(11) NOT NULL AUTO_INCREMENT,
  `identifier` varchar(45) NOT NULL,
  `title` varchar(450) NOT NULL,
  `description` text NOT NULL,
  `pointSrsName` varchar(450) DEFAULT NULL,
  `latitude` float DEFAULT NULL,
  `longitude` float DEFAULT NULL,
  `address` varchar(45) DEFAULT NULL,
  `postal` varchar(45) DEFAULT NULL,
  `city` varchar(45) DEFAULT NULL,
  `dataset_id` int(11) NOT NULL,
  PRIMARY KEY (`id`),
  KEY `pois_dataset` (`dataset_id`),
  CONSTRAINT `pois_dataset` FOREIGN KEY (`dataset_id`) REFERENCES `datasets` (`id`) ON DELETE CASCADE ON UPDATE NO ACTION
) ENGINE=InnoDB DEFAULT CHARSET=utf8;

/*Data for the table `pois` */

/*Table structure for table `pois_categories` */

DROP TABLE IF EXISTS `pois_categories`;

CREATE TABLE `pois_categories` (
  `id` int(11) NOT NULL AUTO_INCREMENT,
  `category_id` int(11) NOT NULL,
  `poi_id` int(11) NOT NULL,
  PRIMARY KEY (`id`),
  KEY `poi_categories_categories` (`category_id`),
  KEY `poi_cateogries_pois` (`poi_id`),
  CONSTRAINT `FK_categories_poi_categories` FOREIGN KEY (`category_id`) REFERENCES `categories` (`id`) ON DELETE CASCADE ON UPDATE NO ACTION,
  CONSTRAINT `FK_pois_poi_cateogries` FOREIGN KEY (`poi_id`) REFERENCES `pois` (`id`) ON DELETE CASCADE ON UPDATE NO ACTION
) ENGINE=InnoDB DEFAULT CHARSET=utf8;

/*Data for the table `pois_categories` */

/*Table structure for table `users` */

DROP TABLE IF EXISTS `users`;

CREATE TABLE `users` (
  `id` int(11) NOT NULL AUTO_INCREMENT,
  `username` varchar(18) NOT NULL,
  `password` varchar(512) NOT NULL,
  `email` varchar(1024) NOT NULL,
  `email_code` varchar(100) NOT NULL,
  `time` int(11) NOT NULL,
  `confirmed` int(11) NOT NULL,
  `ip` varchar(32) NOT NULL,
  PRIMARY KEY (`id`)
) ENGINE=InnoDB AUTO_INCREMENT=4 DEFAULT CHARSET=utf8;

/*Data for the table `users` */

insert  into `users`(`id`,`username`,`password`,`email`,`email_code`,`time`,`confirmed`,`ip`) values (1,'sofia','157a57a6e22ca71e19a41625d6041737382e02d5','sof@gmail.com','a1cda19741f055f51cd1ca010b10e51205a7a0d3',1389263957,1,'10.1.1.208'),(2,'Sofaki','b922e44402a246bc3ad207e7cc1466776064fb90','sofaki@gmail.com','ca18cb199d2e2baa5063362279a30e1a2b0cf2c4',1389265891,1,'10.1.1.51'),(3,'bourboulithra','3910f0528a7b461ffe520a0e2326d8980829ea8f','s.vasileiou@gmail.com','09e43d066a9427f4f0c01a48105e4e893f0f35d7',1391008509,1,'::1');

/*Table structure for table `votes` */

DROP TABLE IF EXISTS `votes`;

CREATE TABLE `votes` (
  `id` int(11) NOT NULL AUTO_INCREMENT,
  `poiId` int(11) NOT NULL,
  `voteDate` datetime NOT NULL,
  `value` tinyint(1) NOT NULL,
  PRIMARY KEY (`id`)
) ENGINE=InnoDB AUTO_INCREMENT=61 DEFAULT CHARSET=utf8;

/*Data for the table `votes` */

insert  into `votes`(`id`,`poiId`,`voteDate`,`value`) values (1,0,'2013-10-04 00:00:00',0),(2,0,'2013-10-04 00:00:00',0),(3,0,'2013-10-04 00:00:00',1),(4,0,'2013-10-04 14:37:13',1),(5,0,'2013-10-04 14:37:38',0),(6,0,'2013-10-04 14:37:38',0),(7,0,'2013-10-04 14:37:39',0),(8,0,'2013-10-04 14:37:39',0),(9,0,'2013-10-04 14:37:40',1),(10,0,'2013-10-04 14:38:41',0),(11,0,'2013-10-04 14:38:42',0),(12,0,'2013-10-04 14:38:43',0),(13,0,'2013-10-04 14:38:44',1),(14,0,'2013-10-04 14:48:11',1),(15,0,'2013-10-04 14:48:14',0),(16,251,'2013-10-04 14:51:58',0),(17,0,'2013-10-04 14:52:00',0),(18,251,'2013-10-04 15:12:46',0),(19,251,'2013-10-07 09:38:32',0),(20,251,'2013-10-07 09:46:45',0),(21,50,'2013-10-07 10:15:39',0),(22,367,'2013-10-07 10:16:28',1),(23,275,'2013-10-07 10:30:54',0),(24,32,'2013-10-07 10:35:32',0),(25,22,'2013-10-07 10:35:46',1),(26,551,'2013-10-07 10:58:05',0),(27,376,'2013-10-07 11:07:47',0),(28,376,'2013-10-07 11:11:01',0),(29,188,'2013-10-07 13:08:10',0),(30,538,'2013-10-07 13:12:56',0),(31,317,'2013-10-07 13:56:05',0),(32,387,'2013-10-07 14:53:07',0),(33,310,'2013-10-07 14:54:31',0),(34,311,'2013-10-07 14:56:05',0),(35,371,'2013-10-07 15:20:23',0),(36,1427,'2013-10-21 16:21:06',0),(37,17,'2013-10-23 08:15:41',0),(38,1265,'2013-10-30 13:32:19',1),(39,10,'2013-11-01 13:48:42',1),(40,0,'2013-11-01 13:49:43',1),(41,1391,'2014-01-03 09:42:38',1),(42,1607,'2014-01-03 13:17:36',1),(43,6,'2014-01-03 14:41:20',1),(44,606,'2014-01-07 13:09:32',1),(45,229,'2014-01-10 09:33:44',1),(46,0,'2014-01-14 10:03:59',1),(47,5,'2014-01-14 13:59:41',1),(48,652,'2014-01-14 15:39:49',1),(49,237,'2014-01-14 15:40:56',1),(50,0,'2014-01-30 17:37:55',1),(51,246,'2014-01-30 17:47:28',1),(52,35,'2014-01-31 09:54:16',1),(53,365,'2014-01-31 09:55:24',1),(54,393,'2014-01-31 09:56:37',1),(55,18,'2014-01-31 09:59:26',1),(56,41,'2014-01-31 09:59:39',1),(57,544,'2014-01-31 10:15:33',1),(58,107,'2014-01-31 10:19:23',1),(59,585,'2014-01-31 10:19:42',0),(60,360,'2014-01-31 10:20:42',0);

/*!40101 SET SQL_MODE=@OLD_SQL_MODE */;
/*!40014 SET FOREIGN_KEY_CHECKS=@OLD_FOREIGN_KEY_CHECKS */;
/*!40014 SET UNIQUE_CHECKS=@OLD_UNIQUE_CHECKS */;
/*!40111 SET SQL_NOTES=@OLD_SQL_NOTES */;
